<?xml version="1.0" encoding="UTF-8"?>
<project-private xmlns="http://www.netbeans.org/ns/project-private/1">
    <editor-bookmarks xmlns="http://www.netbeans.org/ns/editor-bookmarks/2" lastBookmarkId="0"/>
    <open-files xmlns="http://www.netbeans.org/ns/projectui-open-files/2">
        <group>
            <file>file:/C:/Users/L%20e%20n%20o%20v%20o/OneDrive/Documents/NetBeansProjects/123230055_Responsi/src/Model/Penyewa.java</file>
            <file>file:/C:/Users/L%20e%20n%20o%20v%20o/OneDrive/Documents/NetBeansProjects/123230055_Responsi/src/View/ErrorHandler.java</file>
            <file>file:/C:/Users/L%20e%20n%20o%20v%20o/OneDrive/Documents/NetBeansProjects/123230055_Responsi/src/Main/Main.java</file>
            <file>file:/C:/Users/L%20e%20n%20o%20v%20o/OneDrive/Documents/NetBeansProjects/123230055_Responsi/src/View/LoginPage.java</file>
            <file>file:/C:/Users/L%20e%20n%20o%20v%20o/OneDrive/Documents/NetBeansProjects/123230055_Responsi/src/View/Update.java</file>
            <file>file:/C:/Users/L%20e%20n%20o%20v%20o/OneDrive/Documents/NetBeansProjects/123230055_Responsi/src/Model/Connector.java</file>
            <file>file:/C:/Users/L%20e%20n%20o%20v%20o/OneDrive/Documents/NetBeansProjects/123230055_Responsi/src/Model/Harga.java</file>
            <file>file:/C:/Users/L%20e%20n%20o%20v%20o/OneDrive/Documents/NetBeansProjects/123230055_Responsi/src/Model/Admin.java</file>
            <file>file:/C:/Users/L%20e%20n%20o%20v%20o/OneDrive/Documents/NetBeansProjects/123230055_Responsi/src/Controller/LoginController.java</file>
            <file>file:/C:/Users/L%20e%20n%20o%20v%20o/OneDrive/Documents/NetBeansProjects/123230055_Responsi/src/Controller/PenginapanController.java</file>
            <file>file:/C:/Users/L%20e%20n%20o%20v%20o/OneDrive/Documents/NetBeansProjects/123230055_Responsi/src/Model/PenginapanDAO.java</file>
            <file>file:/C:/Users/L%20e%20n%20o%20v%20o/OneDrive/Documents/NetBeansProjects/123230055_Responsi/src/View/InputDataPage.java</file>
        </group>
    </open-files>
</project-private>
